District Code,State,Seat,Urban Pop.,Suburban Pop.,Rural Pop.,Total Pop.,Urban Pop. %,Suburban Pop. %,Rural Pop. %,Total Pop. %
alaska01,Alaska,1,156931.9022752707,344290.3751528743,191858.40481730245,693080.6822454474,0.2264265998106334,0.49675367381102015,0.27681972637834645,1.0
alabama01,Alabama,1,146823.26209293446,280738.861984972,237239.80988115314,664801.9339590597,0.22085263985103906,0.4222894784813618,0.3568578816675991,1.0
alabama02,Alabama,2,147051.92212220546,261707.4103890964,288771.7632869162,697531.095798218,0.2108177298589491,0.3751910301426951,0.4139912399983558,1.0
alabama03,Alabama,3,110759.82851445323,242422.6996613583,322976.68665079336,676159.2148266048,0.16380731946817678,0.3585290185293496,0.4776636620024737,1.0
alabama04,Alabama,4,89769.81565192445,218895.22142038753,393030.9455841146,701695.9826564265,0.12793263446098238,0.3119516526113074,0.5601157129277103,1.0
alabama05,Alabama,5,101204.51243631482,317678.7456825844,221933.17466426693,640816.4327831662,0.1579305823927888,0.4957406355870992,0.346328782020112,1.0
alabama06,Alabama,6,99985.38800780653,375546.3328274038,184796.3439785983,660328.0648138085,0.15141774723144505,0.5687268993076886,0.27985535346086643,1.0
alabama07,Alabama,7,276900.5238916179,227853.25048607314,226266.57064701777,731020.3450247088,0.37878634401380246,0.311692078116337,0.3095215778698606,1.0
arkansas01,Arkansas,1,131294.01346492584,230694.08963826296,400432.39592572843,762420.4990289172,0.1722068250160547,0.302581173948096,0.5252120010358493,1.0
arkansas02,Arkansas,2,180478.89464874432,321818.10898548784,212080.02701779347,714377.0306520256,0.25263815451067595,0.45048776091213105,0.29687408457719305,1.0
arkansas03,Arkansas,3,135411.99930510015,298790.86607999884,209640.3201228975,643843.1855079965,0.21031829233116633,0.4640739745412556,0.3256077331275781,1.0
arkansas04,Arkansas,4,142782.92025008088,213411.52586959308,439639.29373714497,795833.7398568189,0.1794130018611292,0.26816094264612184,0.5524260554927489,1.0
arizona01,Arizona,1,223277.65420802834,480065.3137075143,29736.22636918121,733079.1942847238,0.30457507994874095,0.6548614630591462,0.04056345699211295,1.0
arizona02,Arizona,2,107226.17632536049,305029.4841385121,339137.1155876828,751392.7760515554,0.14270323024506076,0.4059521116790496,0.45134465807588964,1.0
arizona03,Arizona,3,337447.10106473195,356185.5178055885,13682.589093666411,707315.2079639869,0.47708164233606176,0.5035739565544924,0.019344401109445766,1.0
arizona04,Arizona,4,201846.861544474,514182.8424714351,9423.811893291564,725453.5159092007,0.27823541704323007,0.7087743476258668,0.012990235330903089,1.0
arizona05,Arizona,5,79687.19565688753,473460.7058721661,59304.16586690977,612452.0673959634,0.13011172612365116,0.773057568219561,0.09683070565678792,1.0
arizona06,Arizona,6,184906.45135014626,402302.80909735535,131597.33889779844,718806.5993453001,0.2572408927777817,0.5596815742423328,0.18307753297988538,1.0
arizona07,Arizona,7,343689.57900064165,305172.41100168973,113047.50129836927,761909.4913007006,0.45108977237428677,0.400536303177838,0.14837392444787534,1.0
arizona08,Arizona,8,187496.79056021923,486008.5850441529,23174.432611420685,696679.8082157928,0.2691290724219513,0.697606819248613,0.0332641083294358,1.0
arizona09,Arizona,9,91919.58752211892,414120.47904542094,150597.171524299,656637.2380918389,0.13998534074801103,0.6306685868880026,0.2293460723639863,1.0
california01,California,1,131293.38598527506,347062.30076613225,274897.32704351743,753253.0137949248,0.1743018395954537,0.46075129393457814,0.36494686646996805,1.0
california02,California,2,89253.80818745546,466631.72228123015,201190.3909625211,757075.9214312066,0.11789281056347227,0.6163605380542163,0.26574665138231146,1.0
california03,California,3,75366.60349719267,433055.35085116624,192661.81633437853,701083.7706827375,0.10750013999582146,0.617694160042306,0.27480569996187243,1.0
california04,California,4,144653.6625412443,481159.8631631113,93070.68346927041,718884.209173626,0.2012196967123913,0.6693148312663811,0.1294654720212276,1.0
california05,California,5,105498.01304298559,423912.42681120406,205389.6021230288,734800.0419772185,0.14357377111616498,0.576908550073745,0.27951767881009,1.0
california06,California,6,135227.91069382548,517502.0289460004,21171.37263554459,673901.3122753705,0.2006642637884766,0.7679196041312025,0.03141613208032086,1.0
california07,California,7,201609.75967244152,434527.8816349418,30299.28715636738,666436.9284637506,0.3025188897277736,0.6520165121050566,0.045464598167169905,1.0
california08,California,8,226685.06627199185,408523.30797018606,15532.28521281996,650740.6594549979,0.3483493200837381,0.6277820542400541,0.023868625676207803,1.0
california09,California,9,184014.79615068974,425111.6120443578,65592.34013323812,674718.7483282856,0.27272815022053754,0.6300575063278351,0.09721434345162741,1.0
california10,California,10,67849.35926633464,587107.8847143048,16888.07045017822,671845.3144308177,0.10098955490047005,0.8738736017109804,0.025136843388549438,1.0
california11,California,11,619397.8904364323,70621.31865824932,920.371420258529,690939.5805149402,0.8964573862953551,0.10221055595862232,0.0013320577460225957,1.0
california12,California,12,430259.21255210723,250049.6262094007,4399.03898579495,684707.877747303,0.6283836166273785,0.3651916888002909,0.006424694572330379,1.0
california13,California,13,163180.03466737128,386123.21638917853,156641.0940214229,705944.3450779727,0.23115141555436325,0.5469598546703148,0.22188872977532192,1.0
california14,California,14,123010.01545272264,562266.7850808601,11182.101689978706,696458.9022235615,0.1766220735494838,0.8073222745602495,0.01605565189026657,1.0
california15,California,15,247730.45274087932,459103.80229469604,3999.0298219171495,710833.2848574925,0.3485071085135584,0.6458670578245881,0.005625833661853458,1.0
california16,California,16,154799.6921715567,536296.1420354364,24021.859331529995,715117.693538523,0.21646743406051344,0.7499410892516902,0.03359147668779636,1.0
california17,California,17,228450.93397471553,445672.96810636536,4400.997758110347,678524.8998391913,0.3366876204968422,0.6568262538515369,0.006486125651620702,1.0
california18,California,18,318793.0817737309,312647.6893799394,66209.11373831533,697649.8848919856,0.45695281928282466,0.44814411376036484,0.09490306695681061,1.0
california19,California,19,153348.64260643598,462430.9952613402,116717.91575108722,732497.5536188635,0.20935038192117575,0.6313072214053489,0.15934239667347536,1.0
california20,California,20,122821.69733235158,438134.49682376574,139501.0742771014,700457.2684332187,0.17534502512491432,0.6254978234486509,0.19915715142643478,1.0
california21,California,21,294705.7900704508,326167.59449109784,79169.45240706175,700042.8369686104,0.42098250922273955,0.46592519381170816,0.11309229696555222,1.0
california22,California,22,227830.63437614535,407426.61235394084,92281.55639536024,727538.8031254464,0.3131525540595276,0.5600067111247811,0.12684073481569136,1.0
california23,California,23,91525.41316614582,430457.8510497189,194571.90373029053,716555.1679461552,0.12772975098132766,0.6007323236304748,0.27153792538819765,1.0
california24,California,24,161179.8781017655,455310.8762902398,101787.34367224379,718278.098064249,0.22439759549420116,0.6338921895534574,0.14171021495234154,1.0
california25,California,25,183891.48363879218,374216.41387138685,117182.88216376641,675290.7796739455,0.27231451868420525,0.5541559653044158,0.1735295160113788,1.0
california26,California,26,108328.46150802149,586445.4571771907,46367.65873145391,741141.5774166661,0.14616432920362227,0.791273185915859,0.06256248488051865,1.0
california27,California,27,112040.06506002072,516970.0195879057,68314.08091800597,697324.1655659325,0.16067142168964063,0.7413625471710773,0.09796603113928198,1.0
california28,California,28,203191.55061671938,538385.1956794442,16830.881741230427,758407.628037394,0.2679186536434742,0.7098889512394232,0.0221923951171026,1.0
california29,California,29,451696.3359946416,277382.4591996429,13754.457056674511,742833.252250959,0.608072315860788,0.3734114733812857,0.018516210757926196,1.0
california30,California,30,447678.1719654268,293622.31887879845,4502.404924245382,745802.8957684707,0.6002633866205923,0.3936996229764593,0.006036990402948398,1.0
california31,California,31,249413.75409976166,488306.84786258184,13342.683743128298,751063.2857054719,0.3320808763345261,0.6501540644526599,0.017765059212813936,1.0
california32,California,32,294729.2462771954,419736.9440344186,14417.81547698106,728884.0057885951,0.40435685779429553,0.5758624701612108,0.01978067204449372,1.0
california33,California,33,154442.5409451537,515783.2915582899,22795.151946663664,693020.9844501072,0.22285406129180857,0.744253497558302,0.03289244114988954,1.0
california34,California,34,528491.2343992738,230358.8811536834,14466.21615964163,773316.3317125988,0.6834088622295983,0.29788441250623393,0.01870672526416779,1.0
california35,California,35,155682.8176611166,532726.6737288178,14307.522089225038,702717.0134791594,0.22154411331288154,0.7580955968196676,0.02036028986745083,1.0
california36,California,36,318725.0184457154,391306.68687672,3333.5811869963673,713365.2865094318,0.446790759899839,0.548536204770242,0.0046730353299190034,1.0
california37,California,37,592374.7136077039,130089.67621527423,5391.392867841017,727855.7826908192,0.8138627564622024,0.17873001672713798,0.007407226810659535,1.0
california38,California,38,250331.4572424966,483661.3804358802,17383.45861488434,751376.2962932611,0.3331639000024997,0.6437006102294021,0.023135489768098302,1.0
california39,California,39,189109.0948941096,476592.26397555467,32384.865326111943,698086.2241957762,0.2708964714379961,0.6827126040549052,0.04639092450709886,1.0
california40,California,40,100717.16515343249,610205.560111454,14357.626705065937,725280.3519699525,0.13886652917023332,0.8413375027381607,0.019795968091605984,1.0
california41,California,41,95053.70903950767,544301.8290633047,79962.54123509668,719318.079337909,0.1321441956901725,0.7566914341487194,0.11116437016110815,1.0
california42,California,42,439300.53856010974,305276.0169226155,12221.267319027853,756797.8228017531,0.5804727832511044,0.4033785612549048,0.016148655493990863,1.0
california43,California,43,441124.95195654803,289396.2826514301,8859.916243792071,739381.1508517702,0.5966137376485324,0.3914033814874025,0.01198288086406505,1.0
california44,California,44,461058.1817829825,276934.6419015057,6003.053799736319,743995.8774842245,0.6197052910320173,0.37222604356080957,0.008068665407173048,1.0
california45,California,45,204398.2475145764,531846.3555269473,4636.613283517691,740881.2163250414,0.2758853146911235,0.7178564442017306,0.006258241107145986,1.0
california46,California,46,439730.21312670835,303692.63176379,5978.692879070043,749401.5377695684,0.5867751678699116,0.4052468756171297,0.007977956512958767,1.0
california47,California,47,149992.73265809705,494904.1692445712,4295.840584925548,649192.7424875937,0.23104499302218165,0.7623378033281526,0.006617203649665944,1.0
california48,California,48,80112.9081722629,499302.7064453948,139268.45134526986,718684.0659629276,0.11147166323344564,0.6947457583832819,0.19378257838327229,1.0
california49,California,49,104021.96506493354,575067.2201621139,30492.33355826121,709581.5187853086,0.14659621524952157,0.8104315077801605,0.04297227697031803,1.0
california50,California,50,230500.50974396593,432320.87783222675,24145.471693632117,686966.8592698247,0.3355336675032102,0.6293183899609648,0.0351479425358252,1.0
california51,California,51,220514.04865968446,466659.37290553714,6907.760131942769,694081.1816971644,0.3177064217768942,0.6723411975591437,0.00995238066396202,1.0
california52,California,52,336526.51637768396,375699.3806309019,10208.985929741546,722434.8829383274,0.465822628897631,0.5200460131476992,0.014131357954669894,1.0
colorado01,Colorado,1,340886.4919615389,261434.58259976315,2146.6819219938734,604467.7564832959,0.5639448726674292,0.43250376847352606,0.003551358859044776,1.0
colorado02,Colorado,2,128881.60485542752,388639.23307011416,117936.95186616517,635457.7897917068,0.2028169406777953,0.6115893759009612,0.18559368342124355,1.0
colorado03,Colorado,3,150708.1636389595,265519.63641866314,279783.727011631,696011.5270692536,0.21653113170920793,0.3814874123374163,0.4019814559533758,1.0
colorado04,Colorado,4,57615.65523598042,367667.90927517926,169224.8759417969,594508.4404529566,0.09691309881501933,0.6184401839527336,0.284646717232247,1.0
colorado05,Colorado,5,124762.39781472008,447264.5797197448,42278.43754162084,614305.4150760857,0.20309506436512115,0.7280817794261966,0.06882315620868226,1.0
colorado06,Colorado,6,142559.137164515,477258.7876095174,10042.812845781535,629860.737619814,0.2263343762356627,0.7577211264398455,0.015944497324491765,1.0
colorado07,Colorado,7,89968.58211452371,457720.6400791275,105560.08864817186,653249.3108418231,0.13772472564660476,0.7006829283742778,0.16159234597911737,1.0
colorado08,Colorado,8,117080.56646018091,433009.2138951154,50942.29627355384,601032.0766288502,0.19479919793445666,0.7204427695836734,0.08475803248186996,1.0
connecticut01,Connecticut,1,165661.36811881472,499470.9349582702,53834.21515754233,718966.5182346273,0.23041597058731578,0.6947068080231144,0.07487722138956975,1.0
connecticut02,Connecticut,2,67236.27844988683,389697.8510113112,262653.78463913576,719587.9141003338,0.09343719805793169,0.5415569708373045,0.36500583110476387,1.0
connecticut03,Connecticut,3,194896.9993544685,465143.3905336708,50954.34564944513,710994.7355375844,0.2741187657417836,0.6542149572766879,0.0716662769815285,1.0
connecticut04,Connecticut,4,222130.685094271,431784.72830685833,34423.51036321963,688338.923764349,0.3227053961724194,0.6272850675733088,0.050009536254271784,1.0
connecticut05,Connecticut,5,118339.83956088359,459124.3879537388,126026.28980812144,703490.5173227438,0.16821810194577538,0.6526376356869983,0.1791442623672264,1.0
delaware01,Delaware,1,152562.30840840653,540764.0944889137,196287.61994865187,889614.0228459721,0.17149269738390938,0.6078637258425293,0.2206435767735612,1.0
florida01,Florida,1,102305.73479549742,406841.57580468926,145581.2476769872,654728.5582771739,0.156256716622688,0.6213896899124663,0.2223535934648456,1.0
florida02,Florida,2,126695.02032165151,296658.1317543266,312989.71881342615,736342.8708894043,0.17205981796037592,0.40288042905338783,0.4250597529862361,1.0
florida03,Florida,3,103508.90284010199,260433.89513440628,336392.3595722937,700335.157546802,0.14779909551118703,0.3718703713900041,0.4803305330988089,1.0
florida04,Florida,4,171936.74867980165,334557.7410135613,120914.92607550649,627409.4157688695,0.2740423467650686,0.5332367232703575,0.19272092996457385,1.0
florida05,Florida,5,92451.35962804189,457432.46497226646,24622.022352215874,574505.8469525242,0.16092327017810465,0.7962189895868329,0.04285774023506254,1.0
florida06,Florida,6,99344.95763886771,369497.7142832853,216056.41532492288,684899.087247076,0.14505050377301673,0.5394921984324236,0.31545729779455955,1.0
florida07,Florida,7,86863.07767628125,542703.4127062153,51378.8921734116,680945.382555908,0.12756247402727555,0.7969852305469703,0.07545229542575423,1.0
florida08,Florida,8,82225.23567349286,522290.641639276,81934.63749415905,686450.5148069279,0.11978319470940983,0.7608569450722552,0.11935986021833506,1.0
florida09,Florida,9,135984.2474762914,363616.3490474615,43272.260368953066,542872.856892706,0.2504900470703907,0.6698002017060268,0.07970975122358244,1.0
florida10,Florida,10,228767.12332017598,410502.91669422475,14007.191425463188,653277.2314398639,0.35018383055530483,0.6283747495522699,0.021441419892425245,1.0
florida11,Florida,11,47543.16402473331,413660.50018733117,94406.7600545806,555610.4242666451,0.08556924411108005,0.7445153692595404,0.16991538662937955,1.0
florida12,Florida,12,101491.37707483514,398721.8392125694,169756.10529328915,669969.3215806937,0.15148660364833008,0.5951344731305668,0.2533789232211031,1.0
florida13,Florida,13,160467.65173300562,544600.1414313642,11957.945716414684,717025.7388807846,0.22379622241104177,0.75952662770717,0.016677149881788075,1.0
florida14,Florida,14,288467.40196730633,382469.3310633308,12184.933835051212,683121.6668656884,0.4222782206438538,0.5598846437094929,0.01783713564665333,1.0
florida15,Florida,15,153424.5632183175,430539.51568656036,78013.70725709763,661977.7861619755,0.23176693602944695,0.6503836302162777,0.11784943375427542,1.0
florida16,Florida,16,80026.79559973582,433256.2606957378,61085.04274370219,574368.0990391758,0.13933015383968506,0.7543181131063945,0.1063517330539205,1.0
florida17,Florida,17,92514.58732498148,466973.14202045416,86387.74288900493,645875.4722344405,0.14323904731189488,0.7230080133015979,0.13375293938650734,1.0
florida18,Florida,18,98130.23148090577,335914.27989373636,258334.5023848961,692379.0137595383,0.1417290667839135,0.48515953432753617,0.3731113988885502,1.0
florida19,Florida,19,102054.9874484338,483104.3515891374,46650.624809610534,631809.9638471818,0.16152798038670726,0.7646355379510723,0.07383648166222034,1.0
florida20,Florida,20,224034.33820761027,441635.38245873695,22851.864089411138,688521.5847557583,0.3253846257951125,0.6414256172018192,0.03318975700306834,1.0
florida21,Florida,21,81491.53881121131,507427.46307701507,64830.43433769881,653749.4362259252,0.1246525569209809,0.7761803451890953,0.09916709788992378,1.0
florida22,Florida,22,129968.51134284011,531409.9864772531,11083.474266501433,672461.9720865947,0.193272655908792,0.7902454094591123,0.016481934632095723,1.0
florida23,Florida,23,161023.79255527252,507064.387904061,8805.024021181594,676893.2044805152,0.23788655505686598,0.7491054490541236,0.013007995889010365,1.0
florida24,Florida,24,403449.20249081176,292752.53247889376,4993.507936597635,701195.2429063033,0.5753735590369976,0.41750501795405454,0.007121423008947723,1.0
florida25,Florida,25,125073.71861257975,554408.4690955976,15452.95931887864,694935.147027056,0.17997897954600106,0.7977844716407945,0.022236548813204592,1.0
florida26,Florida,26,325389.7518961661,328556.86212323455,41718.037161540065,695664.6511809407,0.46773937894327916,0.4722920182382211,0.05996860281849984,1.0
florida27,Florida,27,353371.7295924498,347663.5363861964,8198.650070939824,709233.916049586,0.4982442627119708,0.4901958698234188,0.011559867464610386,1.0
florida28,Florida,28,261048.93637793238,359503.3964624393,44146.97329891133,664699.306139283,0.39273237382202325,0.5408511685539625,0.0664164576240142,1.0
georgia01,Georgia,1,133300.35283184302,306256.7699581397,249019.1104514395,688576.2332414222,0.1935883732209887,0.4447681392029149,0.3616434875760964,1.0
georgia02,Georgia,2,192268.2756142141,328524.69881903916,250633.54349876096,771426.5179320143,0.2492373170287603,0.42586648395199705,0.3248961990192425,1.0
georgia03,Georgia,3,60402.10017848276,331683.73627370835,320225.4436283187,712311.2800805098,0.08479733771962132,0.4656443686196004,0.44955829366077826,1.0
georgia04,Georgia,4,188349.91763013657,456747.47823094943,41573.28774360927,686670.6836046953,0.2742943919513046,0.6651623392937673,0.0605432687549281,1.0
georgia05,Georgia,5,404458.9982969411,245607.09938024415,13855.914270309448,663922.0119474947,0.6091965487189287,0.36993365931609995,0.020869791964971365,1.0
georgia06,Georgia,6,35409.88543857442,534862.2962382719,66375.58666309385,636647.7683399401,0.05561927206767055,0.8401227850573104,0.10425794287501908,1.0
georgia07,Georgia,7,57986.577617192495,567027.780957803,33894.12286753064,658908.4814425262,0.08800399334706457,0.8605562030654517,0.05143980358748362,1.0
georgia08,Georgia,8,104177.5659653986,244479.05258268258,393430.72760744416,742087.3461555253,0.14038450662863783,0.32944781210626534,0.5301676812650968,1.0
georgia09,Georgia,9,48060.44966574039,340331.56709745387,286000.2500722165,674392.2668354107,0.07126482913462857,0.5046492728845506,0.42408589798082086,1.0
georgia10,Georgia,10,81011.43201317704,273114.8453350218,316007.7996138545,670134.0769620533,0.12088839352929123,0.40755254019187426,0.47155906627883454,1.0
georgia11,Georgia,11,61167.62382225591,507640.25143232394,88778.29771777737,657586.1729723571,0.09301841543561046,0.771975251757101,0.13500633280728871,1.0
georgia12,Georgia,12,123506.72716061567,308763.48583985935,287137.86018650606,719408.073186981,0.17167826128706107,0.4291910215464162,0.3991307171665228,1.0
georgia13,Georgia,13,94146.12761476566,519565.6250014636,55586.170237989485,669297.9228542187,0.14066400686450634,0.7762845322838859,0.08305146085160768,1.0
georgia14,Georgia,14,70619.6690623703,354580.44438707025,297953.26212228497,723153.3755717255,0.09765517447324137,0.4903253671556725,0.4120194583710861,1.0
hawaii01,Hawaii,1,262876.59362422803,382824.04772603745,28621.450049163563,674322.091399429,0.38983832352085185,0.5677169005861249,0.04244477589302333,1.0
hawaii02,Hawaii,2,105972.4204173277,375882.40251894976,196584.71974014005,678439.5426764175,0.15620024151197118,0.5540396437331886,0.2897601147548402,1.0
iowa01,Iowa,1,162287.8248198926,335804.5247408973,268313.8256226672,766406.1751834571,0.21175171870326492,0.4381547743407922,0.3500935069559429,1.0
iowa02,Iowa,2,186381.17024927645,323299.9309759109,271909.86451497354,781590.9657401609,0.2384638236865684,0.4136433827248096,0.347892793588622,1.0
iowa03,Iowa,3,223379.68660700027,320519.53393693786,163443.42823443323,707342.6487783713,0.31580124143905663,0.45313192197656516,0.23106683658437832,1.0
iowa04,Iowa,4,177639.8102484973,284241.0571196914,328910.9935637268,790791.8609319155,0.224635354793809,0.3594385212623775,0.41592612394381345,1.0
idaho01,Idaho,1,98748.1984870777,369905.0789486468,289430.795975607,758084.0734113315,0.13026022040367752,0.4879473028421462,0.3817924767541762,1.0
idaho02,Idaho,2,144978.3011709178,389208.65301794774,275236.70091337233,809423.655102238,0.17911300251362886,0.4808466500386463,0.34004034744772477,1.0
illinois01,Illinois,1,414773.70633892185,300958.4778242283,42359.96823607958,758092.1523992297,0.5471283471623275,0.3969945828772229,0.055877069960449596,1.0
illinois02,Illinois,2,265461.53357144207,403109.0033442103,117083.8330339847,785654.369949637,0.33788589960806686,0.5130869486159045,0.14902715177602863,1.0
illinois03,Illinois,3,449312.36411266995,302342.257684498,6718.06505068366,758372.6868478516,0.5924690747767043,0.3986723980542766,0.008858527169019038,1.0
illinois04,Illinois,4,457792.90954791714,288368.5548664141,6969.111433605937,753130.5758479371,0.6078533048966918,0.3828931716678011,0.009253523435507224,1.0
illinois05,Illinois,5,421933.26395346574,292743.5913395247,7911.159255907473,722588.014548898,0.5839195439975199,0.4051320883342919,0.010948367668188219,1.0
illinois06,Illinois,6,98791.25747669645,633117.2444953315,9943.643349113156,741852.1453211412,0.13316839224604599,0.8534278002542686,0.01340380749968532,1.0
illinois07,Illinois,7,563769.3391085214,127559.46153656975,8580.706262953194,699909.5069080443,0.805488900413794,0.18225136289415883,0.01225973669204717,1.0
illinois08,Illinois,8,79507.98260614151,624116.9197402593,23785.88560763782,727410.7879540386,0.10930272677116966,0.8579978879550163,0.03269938527381413,1.0
illinois09,Illinois,9,304816.90722659964,422033.4318995493,7492.8838866662945,734343.2230128152,0.41508779229420384,0.5747086902607451,0.010203517445051078,1.0
illinois10,Illinois,10,95807.18984791824,596960.086595381,51657.59610190573,744424.8725452049,0.1286996087601847,0.8019077661314048,0.06939262510841057,1.0
illinois11,Illinois,11,61399.108627720474,621171.4307005629,65151.40134124403,747721.9406695274,0.08211489497384857,0.8307519104553114,0.08713319457084003,1.0
illinois12,Illinois,12,127845.08614065713,246368.94231177386,415445.549471067,789659.5779234979,0.1618989875065414,0.31199386317788963,0.5261071493155691,1.0
illinois13,Illinois,13,252184.01253675425,414479.1717384496,112067.73893051202,778730.9232057158,0.3238397308002308,0.5322495349641553,0.14391073423561387,1.0
illinois14,Illinois,14,101509.30570999521,543877.2277851223,87940.7379151236,733327.2714102411,0.13842292475334445,0.7416568958893446,0.11992017935731099,1.0
illinois15,Illinois,15,130596.97605441457,269865.44518621714,392818.96718748,793281.3884281118,0.16462881640673893,0.3401888020100357,0.4951823815832253,1.0
illinois16,Illinois,16,86342.54551752332,371853.31727627123,327108.64692878124,785304.5097225758,0.10994785391978142,0.4735148119901103,0.4165373340901083,1.0
illinois17,Illinois,17,282132.67671172635,327913.2539327583,161594.35436543458,771640.2850099193,0.3656271998656726,0.4249561101239589,0.2094166900103684,1.0
indiana01,Indiana,1,162230.16886356013,467991.4947677848,107716.78805605294,737938.4516873979,0.2198424116436791,0.6341877072507305,0.14596988110559042,1.0
indiana02,Indiana,2,162818.2961014577,298341.7332771552,283198.39560332254,744358.4249819354,0.21873641868889854,0.40080386446139243,0.38045971684970903,1.0
indiana03,Indiana,3,177014.76282763926,275420.6409515722,262484.50189881114,714919.9056780227,0.24760083111654346,0.38524684900242934,0.36715231988102714,1.0
indiana04,Indiana,4,103949.42540377734,316957.63419240795,279103.7820574022,700010.8416535875,0.14849687921722005,0.4527896074347659,0.398713513348014,1.0
indiana05,Indiana,5,130186.42631566965,404161.4961550665,156516.12803206022,690864.0505027963,0.18844000671466798,0.5850087232950191,0.22655126999031297,1.0
indiana06,Indiana,6,110966.83410683581,385623.1970876882,198242.05995521415,694832.0911497382,0.1597030930497454,0.5549876034792777,0.28530930347097694,1.0
indiana07,Indiana,7,379340.9990551944,318401.6256968171,11553.31450200194,709295.9392540135,0.5348134369049934,0.4488981369774781,0.01628842611752844,1.0
indiana08,Indiana,8,155229.88945406434,244183.6979561475,358128.11236985377,757541.6997800656,0.20491266619267517,0.3223369723766236,0.47275036143070126,1.0
indiana09,Indiana,9,133751.22875053572,258980.40401282054,341229.8372612675,733961.4700246237,0.1822319484237347,0.3528528602518222,0.46491519132444314,1.0
kansas01,Kansas,1,170219.37225645655,274656.85115153034,280589.89823282784,725466.1216408147,0.23463448833622283,0.3785936282321886,0.3867718834315886,1.0
kansas02,Kansas,2,208667.4055556307,293405.6697952739,241394.55162014073,743467.6269710453,0.28066777622283395,0.39464484955536705,0.3246873742217991,1.0
kansas03,Kansas,3,102004.19564874208,511209.73161449237,53526.09618946478,666740.0234526993,0.1529894592505719,0.7667302301235847,0.08028031062584334,1.0
kansas04,Kansas,4,232700.85905169745,327772.6523021684,156913.91804533396,717387.4293991998,0.32437264651623543,0.45689768020701543,0.21872967327674922,1.0
kentucky01,Kentucky,1,97083.66034715321,219063.76994956506,432955.5495988614,749102.9798955796,0.12959988539984993,0.2924347864429817,0.5779653281571684,1.0
kentucky02,Kentucky,2,90422.4146422083,257181.97276859925,348568.67923965614,696173.0666504637,0.1298849653538921,0.36942246847611215,0.5006925661699957,1.0
kentucky03,Kentucky,3,259617.889326028,443665.41284427134,12579.702308575956,715863.0044788753,0.3626642076789836,0.6197630134095911,0.01757277891142533,1.0
kentucky04,Kentucky,4,85103.6728980504,340990.6915023617,281175.71238878526,707270.0767891973,0.12032698072622638,0.4821223217167073,0.39755069755706635,1.0
kentucky05,Kentucky,5,54455.06092809846,160668.5753760786,564218.2137196894,779341.8500238664,0.06987313837493885,0.2061593065625288,0.7239675550625324,1.0
kentucky06,Kentucky,6,164168.85839063235,329483.5436416692,197194.2106738809,690846.6127061824,0.23763431038266303,0.47692720436308894,0.28543848525424814,1.0
louisiana01,Louisiana,1,109638.84489151918,392714.1806430668,168193.4963310702,670546.5218656561,0.16350669389272487,0.5856628404400955,0.25083046566717965,1.0
louisiana02,Louisiana,2,356338.87146666646,271580.16584458307,78681.63786499812,706600.6751762476,0.5043002136642238,0.3843474474134103,0.11135233892236593,1.0
louisiana03,Louisiana,3,166134.34072749817,279895.85157250013,292801.05234080326,738831.2446408016,0.22486101113423795,0.3788359704638336,0.39630301840192844,1.0
louisiana04,Louisiana,4,149469.0019784989,263103.8123397702,392044.7683897068,804617.582707976,0.18576402652730306,0.326992372518486,0.4872436009542108,1.0
louisiana05,Louisiana,5,132514.63297268972,206289.65141317353,450798.6172519775,789602.9016378408,0.16782439970499105,0.2612574637014066,0.5709181365936022,1.0
louisiana06,Louisiana,6,147469.16974391718,353761.1186281895,224967.3332435933,726197.6216157,0.20307030118856145,0.48714166515874113,0.30978803365269747,1.0
massachusetts01,Massachusetts,1,175650.15217907735,426188.2670671959,173686.37131912555,775524.7905653988,0.22649198880027943,0.5495482185121149,0.2239597926876057,1.0
massachusetts02,Massachusetts,2,139816.30518777578,421753.22923712723,163577.0987055673,725146.6331304703,0.1928110795801208,0.5816109597260507,0.2255779606938285,1.0
massachusetts03,Massachusetts,3,184920.09260274566,445430.91454405687,76242.0340772763,706593.0412240787,0.26170664274077216,0.6303924445284755,0.10790091273075247,1.0
massachusetts04,Massachusetts,4,124928.77240960763,520837.46149945894,74812.67513314297,720578.9090422095,0.17337278518970592,0.7228041994620047,0.10382301534828943,1.0
massachusetts05,Massachusetts,5,222332.7243524077,477795.97255882085,10195.560337240997,710324.2572484696,0.31300173418495025,0.6726448768758421,0.014353388939207542,1.0
massachusetts06,Massachusetts,6,131096.19415724534,539954.9744380532,48969.01821970295,720020.1868150015,0.18207294261727214,0.7499164389078256,0.0680106184749023,1.0
massachusetts07,Massachusetts,7,591119.4588606599,103142.47428508452,4682.893600616996,698944.8267463613,0.8457312168864081,0.14756883567651569,0.006699947437076263,1.0
massachusetts08,Massachusetts,8,268683.6598728224,428073.7376480776,16510.696946976557,713268.0944678766,0.3766937873104642,0.6001582588205293,0.02314795386900647,1.0
massachusetts09,Massachusetts,9,84670.03636019155,485307.1031810172,151818.66148260018,721795.8010238089,0.11730469509533577,0.6723606627977724,0.21033464210689187,1.0
maryland01,Maryland,1,59795.772844087296,387372.7193343115,284866.0149715274,732034.5071499262,0.08168436359222159,0.5291727583204963,0.38914287808728215,1.0
maryland02,Maryland,2,102253.3878717051,534409.6560591935,92097.53831867859,728760.5822495773,0.14031135926158883,0.7333130647784889,0.12637557595992222,1.0
maryland03,Maryland,3,62121.88352200398,585558.9980449962,40456.345781308824,688137.227348309,0.09027542916314311,0.8509334690428082,0.05879110179404864,1.0
maryland04,Maryland,4,250108.0191146142,426848.915954713,15649.498774615462,692606.4338439427,0.36111131357316884,0.6162936049925435,0.02259508143428767,1.0
maryland05,Maryland,5,44896.237464698985,471026.1097088926,151769.69782380882,667692.0449974004,0.0672409351003632,0.7054541284983057,0.22730493640133115,1.0
maryland06,Maryland,6,91902.74095588719,432886.9377150544,177686.50267698072,702476.1813479223,0.13082684281130041,0.6162300576290347,0.2529430995596649,1.0
maryland07,Maryland,7,543372.815862218,239345.45517444564,9336.481339832257,792054.752376496,0.6860293612681093,0.30218296709452097,0.011787671637369643,1.0
maryland08,Maryland,8,125987.71690955899,574080.0907973184,14058.000648359235,714125.8083552365,0.17642229903402026,0.8038920930746513,0.019685607891328564,1.0
maine01,Maine,1,82766.18498081532,245361.98309314417,302787.8686968568,630916.0367708162,0.13118415154642932,0.38889799718670537,0.4799178512668654,1.0
maine02,Maine,2,85858.52422640561,185366.54324730806,411598.40899221145,682823.4764659251,0.12574043978508434,0.2714706650197584,0.6027888951951572,1.0
michigan01,Michigan,1,79902.96601213256,168096.1850405825,527305.3297403544,775304.4807930695,0.10306011120998389,0.2168131220764191,0.6801267667135971,1.0
michigan02,Michigan,2,63624.637104659014,165314.86287528696,530319.4490431648,759258.9490231108,0.08379833676839858,0.21773185958227673,0.6984698036493248,1.0
michigan03,Michigan,3,217806.27768905487,417920.8632757691,82097.28082425604,717824.42178908,0.3034255607328074,0.5822048548225178,0.1143695844446748,1.0
michigan04,Michigan,4,142312.9091259845,354556.81122768624,240411.28877784678,737281.0091315175,0.19302397235705615,0.4808977945130278,0.32607823312991613,1.0
michigan05,Michigan,5,107603.75290848155,248210.5383077823,420125.1360462025,775939.4272624664,0.1386754547170135,0.31988391050507026,0.5414406347779162,1.0
michigan06,Michigan,6,103949.10467569921,503906.76842131873,107468.25418223623,715324.1272792543,0.14531748715239223,0.7044453684764352,0.15023714437117242,1.0
michigan07,Michigan,7,140547.99866365833,330635.87936140376,275398.1873522308,746582.0653772929,0.18825525709974156,0.44286608893332247,0.3688786539669359,1.0
michigan08,Michigan,8,184534.56514392962,378994.11528110696,244901.11419077934,808429.7946158159,0.22826294425680416,0.4688027554219641,0.30293430032123186,1.0
michigan09,Michigan,9,49753.82470490169,349370.7301379587,349656.35302079853,748780.907863659,0.0664464387144351,0.46658605537198544,0.46696750591357944,1.0
michigan10,Michigan,10,106215.83887194433,631294.3352815199,10028.620685445694,747538.79483891,0.14208739346408528,0.8444970878301507,0.013415518705764027,1.0
michigan11,Michigan,11,94723.59580676313,635537.6226119498,17501.985228578447,747763.2036472914,0.12667592540625042,0.8499182889878107,0.023405785605938787,1.0
michigan12,Michigan,12,324100.8474128107,422845.4636600358,10515.095623477577,757461.4066963241,0.42787770379797957,0.5582402745828078,0.013882021619212623,1.0
michigan13,Michigan,13,521485.7874493648,297200.1280323788,14831.291866102738,833517.2073478464,0.6256448971325633,0.3565614787702279,0.017793624097208697,1.0
minnesota01,Minnesota,1,133147.73351624428,302215.510672326,249296.58773854934,684659.8319271196,0.19447282768359855,0.44140972871400486,0.3641174436023966,1.0
minnesota02,Minnesota,2,58517.61442949422,511641.801982118,75964.65392731644,646124.0703389286,0.09056714819306828,0.7918630886382749,0.11756976316865689,1.0
minnesota03,Minnesota,3,59470.11087006353,561145.4165285969,25672.139476471348,646287.6668751318,0.09201801909296477,0.8682595155216151,0.03972246538542011,1.0
minnesota04,Minnesota,4,258498.8653844066,370076.3977399924,16831.403108797072,645406.666233196,0.4005209101621004,0.5734003336220233,0.02607875621587647,1.0
minnesota05,Minnesota,5,399421.65825805295,239243.2833518843,3436.284663524085,642101.2262734614,0.6220540343399769,0.3725943411451984,0.005351624514824743,1.0
minnesota06,Minnesota,6,65455.1155917741,390575.96881279536,180340.67330762054,636371.75771219,0.1028567261172789,0.6137544038989863,0.2833888699837347,1.0
minnesota07,Minnesota,7,85932.85891663161,188126.58114729525,429395.82040363894,703455.2604675659,0.12215824338212296,0.2674321903887009,0.6104095662291761,1.0
minnesota08,Minnesota,8,106654.8793439695,221649.85522226378,366255.5880118566,694560.3225780899,0.1535574029741358,0.3191225412927954,0.5273200557330688,1.0
missouri01,Missouri,1,412077.8030219156,368935.13485696394,16103.586954028182,797116.5248329077,0.5169605574395735,0.462837142830906,0.020202299729520513,1.0
missouri02,Missouri,2,66248.77491197108,572985.3593719302,94096.43000387246,733330.5642877738,0.0903395796359767,0.7813466222131704,0.1283137981508529,1.0
missouri03,Missouri,3,83880.87714868523,381725.1653589677,257364.6649963713,722970.7075040243,0.11602251139368372,0.5279953411623428,0.3559821474439734,1.0
missouri04,Missouri,4,92362.88728896089,255980.39001896905,399208.9128357561,747552.190143686,0.12355376454881088,0.3424247743422,0.5340214611089892,1.0
missouri05,Missouri,5,295807.61799645453,400027.3361689094,23158.134450645055,718993.088616009,0.4114192788220748,0.5563716014835729,0.03220911969435226,1.0
missouri06,Missouri,6,113195.13843228636,286605.6516808127,352660.71531841427,752461.5054315133,0.15043312862546032,0.38089078260083653,0.4686760887737032,1.0
missouri07,Missouri,7,148549.84175541077,300366.2559479529,276407.5520932865,725323.6497966502,0.20480490577834848,0.41411341824048176,0.38108167598116977,1.0
missouri08,Missouri,8,111239.89928362837,244134.3029215691,435489.7749171878,790863.9771223853,0.1406561716066303,0.3086931634057592,0.5506506649876105,1.0
mississippi01,Mississippi,1,94711.26107733726,232768.71351445216,396715.2977161062,724195.2723078956,0.1307813854894516,0.3214170575467238,0.5478015569638246,1.0
mississippi02,Mississippi,2,245351.46271630187,201140.06923249384,372246.44535329414,818737.9773020898,0.29967030908323744,0.245670867614193,0.4546588233025697,1.0
mississippi03,Mississippi,3,109436.11602102361,211240.28444487715,400606.21942535904,721282.6198912598,0.15172432137283737,0.2928675648343275,0.5554081137928351,1.0
mississippi04,Mississippi,4,123107.10513688251,262414.3423188924,303659.0169661707,689180.4644219456,0.1786282570271915,0.38076288558033067,0.44060885739247785,1.0
montana01,Montana,1,90411.62852354764,160646.58358641865,228947.86383028855,480006.07594025484,0.18835517518490943,0.33467614607114665,0.4769686787439439,1.0
montana02,Montana,2,109443.82847309003,194117.7882614095,205786.168623318,509347.78535781754,0.21487052976230295,0.3811104982522727,0.4040189719854243,1.0
northcarolina01,North Carolina,1,108410.35908725987,255451.5693510787,411740.72924274177,775602.6576810803,0.13977564157836742,0.3293588112692076,0.5308655471524252,1.0
northcarolina02,North Carolina,2,129253.65413224646,423613.65811937774,42371.59749682102,595238.9097484453,0.21714584180471422,0.7116699718074574,0.07118418638782828,1.0
northcarolina03,North Carolina,3,78000.04542714755,265606.15242563834,390928.28719499917,734534.4850477851,0.10618976646422973,0.36159793424587733,0.5322122992898929,1.0
northcarolina04,North Carolina,4,152462.21242976247,326881.20619876287,173378.2731638201,652721.6917923454,0.23357920281629965,0.5007972161935683,0.2656235809901321,1.0
northcarolina05,North Carolina,5,109701.66737286646,260258.01334906803,362119.76592757954,732079.446649514,0.14984940210373995,0.35550514980332126,0.4946454480929388,1.0
northcarolina06,North Carolina,6,195793.66020680792,326611.1504094842,166045.78416247782,688450.59477877,0.2843975467400463,0.4744147988054815,0.24118765445447218,1.0
northcarolina07,North Carolina,7,94145.50027982162,302324.2363241476,300056.22600801627,696525.9626119855,0.13516438055915994,0.43404589714132985,0.4307897222995102,1.0
northcarolina08,North Carolina,8,93995.25564856522,267726.31777994777,334232.3821245751,695953.9555530881,0.1350595896446416,0.38468969914422063,0.4802507112111377,1.0
northcarolina09,North Carolina,9,121528.00752305775,285951.7011373303,279253.6632623148,686733.3719227029,0.17696534418125914,0.4163940662104832,0.40664058960825766,1.0
northcarolina10,North Carolina,10,91211.36561026666,278696.90097408934,338763.4539424467,708671.7205268026,0.12870750019834742,0.3932665759075521,0.47802592389410065,1.0
northcarolina11,North Carolina,11,71061.79213374159,226872.40917507443,397826.51087664714,695760.7121854632,0.10213539064390177,0.3260782122382888,0.5717863971178094,1.0
northcarolina12,North Carolina,12,143197.39987000675,433670.0854848671,30387.896416653046,607255.3817715269,0.23581083703574846,0.7141477844457057,0.05004137851854585,1.0
northcarolina13,North Carolina,13,86413.16817392451,312551.0266934977,219052.20676718286,618016.4016346051,0.13982342207321427,0.5057325758132384,0.35444400211354726,1.0
northcarolina14,North Carolina,14,170725.54415563296,401732.88878060353,51245.04482789176,623703.4777641282,0.27372870320950465,0.6441087842266779,0.08216251256381735,1.0
northdakota01,North Dakota,1,126020.35832525435,314540.87373481947,232011.56442911449,672572.7964891883,0.18737058498808928,0.46766814741350565,0.344961267598405,1.0
nebraska01,Nebraska,1,158773.39914435236,335715.4428915143,100766.35395394107,595255.1959898077,0.2667316475588916,0.5639857411631273,0.16928261127798108,1.0
nebraska02,Nebraska,2,226386.97200244054,302363.10593373014,39785.667593005746,568535.7455291763,0.39819303145438323,0.5318277844646329,0.06997918408098407,1.0
nebraska03,Nebraska,3,130026.91955163232,195644.07142882483,336867.86121145723,662538.8521919143,0.19625553900945883,0.2952944884387755,0.5084499725517657,1.0
newhampshire01,New Hampshire,1,93093.72497155494,329958.6477298539,222735.20159257873,645787.5742939876,0.14415533633227676,0.5109399140895268,0.34490474957819645,1.0
newhampshire02,New Hampshire,2,76823.1658719135,247793.05899904732,343937.7303396353,668553.9552105961,0.11490944788100763,0.3706403306237145,0.514450221495278,1.0
newjersey01,New Jersey,1,130814.56420647424,569078.7352619838,38738.811332808225,738632.1108012663,0.17710381432587183,0.7704494929751275,0.05244669269900067,1.0
newjersey02,New Jersey,2,127968.49976954945,426547.81713597453,209736.28844617723,764252.6053517013,0.16744267389269762,0.5581241256478041,0.27443320045949826,1.0
newjersey03,New Jersey,3,58356.39278213776,592033.7203199784,91786.67119116988,742176.784293286,0.07862869604268982,0.7976990561402746,0.12367224781703565,1.0
newjersey04,New Jersey,4,80358.23339456021,558633.2648883616,61214.53863844538,700206.0369213672,0.11476369690823504,0.7978126943099976,0.0874236087817674,1.0
newjersey05,New Jersey,5,75822.06826294326,594598.6436960759,71933.58875403166,742354.3007130509,0.10213730585262881,0.8009634255839135,0.09689926856345757,1.0
newjersey06,New Jersey,6,174151.4356916946,535794.9493654482,14604.082872069197,724550.467929212,0.24035790935229795,0.7394860304165796,0.02015606023112251,1.0
newjersey07,New Jersey,7,44124.70458217118,585968.7537352127,124397.27455094525,754490.7328683292,0.05848276547337216,0.7766414194479891,0.16487581507863874,1.0
newjersey08,New Jersey,8,503601.2664537932,155827.2504314735,5477.351946609528,664905.8688318763,0.7574023483031257,0.23435986616456675,0.008237785532307423,1.0
newjersey09,New Jersey,9,224115.4148133808,456960.6919033636,20480.04277670937,701556.1494934538,0.31945470790213926,0.6513529846945308,0.029192307403329905,1.0
newjersey10,New Jersey,10,385144.6289875202,296110.7328217467,16445.888578950256,697701.2503882172,0.5520194048286666,0.42440906140985674,0.023571533761476537,1.0
newjersey11,New Jersey,11,72552.62940235288,638744.0032618771,21274.58037518911,732571.213039419,0.09903832980459865,0.8719206978004838,0.02904097239491766,1.0
newjersey12,New Jersey,12,142342.4463978598,545545.6900936255,29598.169108196747,717486.305599682,0.19839047140960914,0.7603569375970919,0.0412525909932989,1.0
newmexico01,New Mexico,1,250723.29171831402,324510.69921433885,104459.93407051405,679693.9250031669,0.3688767583396392,0.4774365155799014,0.15368672608045944,1.0
newmexico02,New Mexico,2,211992.40150620564,255663.4101182911,217835.06108676837,685490.8727112651,0.3092563445341434,0.37296398872108516,0.3177796667447714,1.0
newmexico03,New Mexico,3,124837.52180484499,273741.19504521094,295351.0621503474,693929.7790004034,0.17989935809452043,0.3944796769487707,0.42562096495670887,1.0
nevada01,Nevada,1,270475.5645939213,398969.5885901993,13014.461382886428,682459.6145670069,0.3963246451814253,0.5846054185101186,0.019069936308456256,1.0
nevada02,Nevada,2,148602.5301117977,386771.61354712874,153123.65252434145,688497.796183268,0.21583588347789265,0.5617615854273205,0.22240253109478683,1.0
nevada03,Nevada,3,187781.1759376148,452545.18079009,9328.613335093789,649654.9700627987,0.2890475476843701,0.6965931173378769,0.014359334977752946,1.0
nevada04,Nevada,4,209809.7449708017,421386.93133059307,48749.794523911536,679946.4708253064,0.30856803288667495,0.6197354489083846,0.07169651820494037,1.0
newyork01,New York,1,34305.32135123165,655131.6806750911,56216.766500992126,745653.7685273149,0.04600703811768501,0.8786003750359805,0.07539258684633442,1.0
newyork02,New York,2,62369.53256318345,676974.9566494355,23817.473381375872,763161.9625939948,0.0817251587738844,0.8870659045275149,0.03120893669860072,1.0
newyork03,New York,3,119937.26565370984,617715.0884652388,8559.356062056666,746211.7101810053,0.16072820088097678,0.8278013867075369,0.01147041241148636,1.0
newyork04,New York,4,121931.43496048666,608622.471244271,5723.472329226867,736277.3785339847,0.16560529837717758,0.8266211742863951,0.007773527336427173,1.0
newyork05,New York,5,481951.97295665386,224918.62216032943,4968.291236463987,711838.8863534472,0.6770520439330869,0.3159684395896451,0.006979516477267998,1.0
newyork06,New York,6,539062.8824834214,184167.47741768745,3171.62898532819,726401.9888864369,0.7420999539246809,0.2535338287000196,0.004366217375299658,1.0
newyork07,New York,7,595961.380143263,80750.38758411186,3932.302384909056,680644.0701122839,0.87558447404816,0.1186382003898024,0.005777325562037667,1.0
newyork08,New York,8,553583.9980498268,148989.89688204575,3165.344401320057,705739.2393331927,0.784403030463309,0.21111182229688213,0.004485147239808836,1.0
newyork09,New York,9,652195.9613221748,82980.1586878453,3946.5436869447753,739122.6636969649,0.8823920485133041,0.11226845388936224,0.005339497597333628,1.0
newyork10,New York,10,650460.3117688821,40505.32906126436,1296.0680366406293,692261.7088667871,0.9396161934677382,0.058511583903102835,0.001872222629158929,1.0
newyork11,New York,11,297616.3844946706,421653.38311266963,4660.551752233741,723930.319359574,0.41111192132131913,0.5824502328976716,0.0064378457810092896,1.0
newyork12,New York,12,633684.1951942056,11212.311919963768,90.11348721521429,644986.6206013847,0.9824764963393494,0.017383789929641368,0.0001397137310091682,1.0
newyork13,New York,13,683772.5416502884,13599.397831692724,6121.070352132502,703493.0098341136,0.9719677837474527,0.01933124798908736,0.008700968263459894,1.0
newyork14,New York,14,614875.531997001,104419.77302464332,8600.543314170283,727895.8483358147,0.8447300989596087,0.14345427750876424,0.011815623531627047,1.0
newyork15,New York,15,658898.4988104107,54636.995338402325,5499.107984494542,719034.6021333076,0.9163654945888853,0.07598660088999824,0.00764790452111652,1.0
newyork16,New York,16,269859.46154032374,432006.5170207052,6499.0461933862,708365.0247544151,0.3809610188389552,0.6098642676076202,0.009174713553424479,1.0
newyork17,New York,17,69376.57938273351,533984.3156608175,89794.54540098367,693155.4404445348,0.10008805433055665,0.7703673440381027,0.12954460163134057,1.0
newyork18,New York,18,106269.73212237761,405034.37280936877,237178.68546351703,748482.7903952633,0.14198019444943824,0.5411405285557411,0.31687927699482077,1.0
newyork19,New York,19,115043.35087816541,256299.36878645536,420179.2002987531,791521.9199633738,0.14534449138627623,0.32380577507988045,0.5308497335338433,1.0
newyork20,New York,20,180088.86109596735,444082.4336747363,120548.44115698317,744719.7359276868,0.24182098634949323,0.5963081307648563,0.16187088288565052,1.0
newyork21,New York,21,78508.28421326503,241169.5961979191,461832.1475819969,781510.027993181,0.1004571680479448,0.30859437186904964,0.5909484600830056,1.0
newyork22,New York,22,178050.6568428513,366295.3000789689,175412.26689319024,719758.2238150105,0.24737564775447873,0.508914365906728,0.24370998633879318,1.0
newyork23,New York,23,104006.15285279023,335267.41581632086,352102.36391344445,791375.9325825556,0.13142445779640943,0.42365126612104304,0.4449242760825475,1.0
newyork24,New York,24,100323.50041176383,226272.3352176136,471185.8016159908,797781.6372453682,0.12575308295910054,0.28362690321991024,0.5906200138209893,1.0
newyork25,New York,25,231056.18610749033,438350.1749906099,87832.92568151075,757239.2867796109,0.3051296864035233,0.5788793352954872,0.11599097830098969,1.0
newyork26,New York,26,337148.51712581835,367698.10304328555,45648.534304436886,750495.1544735407,0.44923476869390605,0.489940675634634,0.06082455567146005,1.0
ohio01,Ohio,1,255103.3523243429,428646.78409239504,55979.67831598302,739729.814732721,0.34486017359800053,0.5794639820584677,0.07567584434353182,1.0
ohio02,Ohio,2,93700.96278480107,260992.1718046384,438475.3258894452,793168.4604788846,0.11813500845485968,0.32905011332278816,0.5528148782223522,1.0
ohio03,Ohio,3,246012.07051753835,431970.064707714,8100.940339856096,686083.0755651084,0.358574754689736,0.629617724284937,0.011807521025327096,1.0
ohio04,Ohio,4,139916.02061050627,291283.43124335905,323282.01703123347,754481.4688850988,0.18544659661059787,0.3860710212986279,0.42848238209077416,1.0
ohio05,Ohio,5,141931.3593497987,347910.0279623677,290031.0733153134,779872.4606274797,0.18199303926644847,0.44611144196891095,0.37189551876464066,1.0
ohio06,Ohio,6,149643.38234528396,333213.2941938329,330542.7744852596,813399.4510243766,0.1839728096162673,0.40965517467978585,0.40637201570394677,1.0
ohio07,Ohio,7,93090.51884717656,549203.1205309145,124578.96751994496,766872.6068980361,0.12138980843731446,0.7161595232256575,0.16245066833702806,1.0
ohio08,Ohio,8,120060.12294531465,482514.58333516243,157218.7995858006,759793.5058662777,0.1580167795833267,0.6350601572792123,0.20692306313746095,1.0
ohio09,Ohio,9,263161.4180356995,351443.48584680504,177457.99494252284,792062.8988250274,0.33224813133664255,0.4437065369027486,0.22404533176060887,1.0
ohio10,Ohio,10,213725.22174604613,478438.3456522957,84433.23324085849,776596.8006392004,0.27520744557553345,0.6160704567138355,0.1087220977106309,1.0
ohio11,Ohio,11,469914.28232462,328398.6727090825,10204.841520929682,808517.7965546323,0.5812046244709562,0.4061737096060226,0.012621665923021066,1.0
ohio12,Ohio,12,110757.92033903734,281264.21575933817,366178.00398201717,758200.1400803927,0.14608005786874897,0.3709630226783069,0.4829569194529441,1.0
ohio13,Ohio,13,229660.23632519034,490377.7941384344,68810.74127517709,788848.7717388019,0.29113341435389073,0.6216372664909275,0.08722931915518178,1.0
ohio14,Ohio,14,109861.50396794513,442811.2219475291,242553.65833191457,795226.3842473888,0.13815123107606558,0.5568366828857303,0.3050120860382042,1.0
ohio15,Ohio,15,164653.3624453643,439033.35128910857,115721.34748985825,719408.0612243311,0.228873390944699,0.6102702693405126,0.16085633971478833,1.0
oklahoma01,Oklahoma,1,197657.93538780257,430779.68516123784,78263.42068788469,706701.041236925,0.2796910204658051,0.6095642429042591,0.11074473662993584,1.0
oklahoma02,Oklahoma,2,107905.86508737916,198326.3315351215,516279.9656049785,822512.1622274792,0.13119060123701373,0.24112267349096186,0.6276867252720244,1.0
oklahoma03,Oklahoma,3,205615.02124314735,306210.2944883585,275411.8536216006,787237.1693531065,0.26118561120800055,0.3889682886035215,0.34984610018847784,1.0
oklahoma04,Oklahoma,4,158951.7721119386,371324.67010140565,212828.00785228814,743104.4500656324,0.21390232839797915,0.49969377799932374,0.28640389360269713,1.0
oklahoma05,Oklahoma,5,213205.01490887743,343824.891002081,134699.5961871609,691729.5020981194,0.30822021362713986,0.49705107265081006,0.19472871372205006,1.0
oregon01,Oregon,1,145984.54336117604,377179.77643716364,90007.6162565127,613171.9360548523,0.2380809276765673,0.6151288965766079,0.14679017574682499,1.0
oregon02,Oregon,2,112347.02623237729,250936.5339092315,305545.2376325666,668828.7977741754,0.16797576092157196,0.37518799241948636,0.4568362466589416,1.0
oregon03,Oregon,3,273498.7609710856,310753.6147305368,57433.00433970522,641685.3800413276,0.4262194051444198,0.48427722431594566,0.08950337053963466,1.0
oregon04,Oregon,4,123826.46640185581,323620.1445443299,201298.7463630332,648745.357309219,0.19087067831274665,0.4988400161915596,0.31028930549569367,1.0
oregon05,Oregon,5,116923.58557394866,385320.4272079129,137279.71770718152,639523.730489043,0.18282915863737742,0.6025115391937979,0.21465930216882473,1.0
oregon06,Oregon,6,118185.78585564709,397541.6129127937,91562.30022587614,607289.698994317,0.19461187313297912,0.6546160976732027,0.15077202919381805,1.0
pennsylvania01,Pennsylvania,1,33758.93583353615,608123.5999721499,89106.75981206982,730989.295617756,0.04618253103830558,0.8319186116921552,0.1218988572695392,1.0
pennsylvania02,Pennsylvania,2,570821.806650249,148126.91721617978,5352.040400681522,724300.7642671104,0.7881005168175402,0.20451023183174907,0.007389251350710679,1.0
pennsylvania03,Pennsylvania,3,651664.6403209936,55322.2751765316,11142.122194216157,718129.0376917414,0.9074478347451566,0.07703667763435966,0.0155154876204838,1.0
pennsylvania04,Pennsylvania,4,51999.94183062518,587505.8351922005,86236.77317817046,725742.5502009961,0.0716506725645667,0.8095237560888353,0.11882557134659803,1.0
pennsylvania05,Pennsylvania,5,189977.18109449386,522168.6185258891,18383.097159712,730528.896780095,0.2600543002909865,0.7147816066242116,0.025164093084801973,1.0
pennsylvania06,Pennsylvania,6,108512.65541378889,472333.94491434796,136476.4728300413,717323.0731581781,0.1512744528571167,0.6584675198509791,0.1902580272919043,1.0
pennsylvania07,Pennsylvania,7,159603.73063368074,413828.11761957227,153917.2289315322,727349.0771847853,0.21943209339239034,0.5689539323007046,0.211613974306905,1.0
pennsylvania08,Pennsylvania,8,193988.81706083458,315699.41770248185,244511.8239135029,754200.0586768193,0.25721135238463344,0.41858842898573884,0.3242002186296278,1.0
pennsylvania09,Pennsylvania,9,118879.31071572682,248523.45481329027,404427.8073351592,771830.5728641762,0.154022547039798,0.3219922396842195,0.5239852132759826,1.0
pennsylvania10,Pennsylvania,10,137203.6566804195,411820.4606937078,162042.68097032458,711066.7983444518,0.19295466614369455,0.5791586130199481,0.22788672083635747,1.0
pennsylvania11,Pennsylvania,11,99184.32836424485,380827.33510204894,234567.674347383,714579.3378136768,0.1388010023739403,0.5329391922627181,0.3282598053633415,1.0
pennsylvania12,Pennsylvania,12,328269.22970433906,380761.0805915935,59964.01707335623,768994.3273692888,0.4268812109802425,0.4951415986307312,0.07797719038902629,1.0
pennsylvania13,Pennsylvania,13,88595.38169315475,232777.86631634954,456469.7217331927,777842.969742697,0.11389880109408362,0.2992607446119237,0.5868404542939927,1.0
pennsylvania14,Pennsylvania,14,105842.15053442975,294768.6864547521,390247.8667725531,790858.703761735,0.13383193487153833,0.37271978553524043,0.49344827959322124,1.0
pennsylvania15,Pennsylvania,15,94106.75037575453,201868.52582074876,498247.43014110683,794222.7063376101,0.11848912102967679,0.25417118424078144,0.6273396947295418,1.0
pennsylvania16,Pennsylvania,16,159310.61199824014,311562.4054296488,311006.0887347616,781879.1061626505,0.20375350964436634,0.3984790013877619,0.39776748896787184,1.0
pennsylvania17,Pennsylvania,17,124539.45332294458,515859.10449295765,96250.74043430047,736649.2982502027,0.16906206741629828,0.700277738291887,0.13066019429181475,1.0
rhodeisland01,Rhode Island,1,187222.72795429963,296753.29833545524,29712.4369803452,513688.46327010007,0.3644674571090317,0.57769118746866,0.05784135542230826,1.0
rhodeisland02,Rhode Island,2,138429.33380920967,296866.86544047884,93819.57277421818,529115.7720239067,0.2616239037436123,0.5610622119710045,0.17731388428538317,1.0
southcarolina01,South Carolina,1,72610.02527033414,374388.07544609206,118468.48356940915,565466.5842858354,0.12840727867595939,0.6620870018675483,0.20950571945649224,1.0
southcarolina02,South Carolina,2,95186.96031926105,381549.1759594441,196893.24354795963,673629.3798266648,0.14130464491283637,0.566408157639476,0.29228719744768744,1.0
southcarolina03,South Carolina,3,77155.89974720987,226519.08696126114,385085.3856026516,688760.3723111226,0.11202139793309346,0.32887938398833916,0.5590992180785673,1.0
southcarolina04,South Carolina,4,118211.52496227816,360293.05266770336,156998.630566688,635503.2081966695,0.1860124755274173,0.5669413592577857,0.24704616521479708,1.0
southcarolina05,South Carolina,5,70963.47982109399,268494.3453356481,313577.26273009606,653035.0878868382,0.10866717751832496,0.41114842114299127,0.4801844013386836,1.0
southcarolina06,South Carolina,6,173876.7316027598,279560.5585590521,254317.7239970379,707755.0141588498,0.24567361321969325,0.39499622463473927,0.35933016214556746,1.0
southcarolina07,South Carolina,7,76192.04903529752,257021.11683933504,328397.1084790644,661610.274353697,0.11516152633773223,0.3884781219433293,0.4963603517189385,1.0
southdakota01,South Dakota,1,167506.216796748,311514.2390454885,321574.7092457865,800595.165088023,0.20922711515292652,0.38910332291506966,0.40166956193200387,1.0
tennessee01,Tennessee,1,95004.04334095206,250384.41476051084,398971.73843780544,744360.1965392684,0.1276318155949922,0.3363753407619263,0.5359928436430814,1.0
tennessee02,Tennessee,2,115817.4361112838,382226.9513598602,203943.58720153457,701987.9746726785,0.16498492893028105,0.5444921638979416,0.29052290717177737,1.0
tennessee03,Tennessee,3,153747.35264638948,277991.80936954194,292002.1894040775,723741.3514200089,0.21243411385121375,0.3841038083897115,0.4034620777590747,1.0
tennessee04,Tennessee,4,77585.95744359512,247396.9477345286,339639.7144010828,664622.6195792065,0.11673685962225787,0.3722367256942946,0.5110264146834476,1.0
tennessee05,Tennessee,5,93847.3083829035,388695.090929665,120790.64919907339,603333.0485116419,0.1555480983752088,0.6442463112016393,0.20020559042315186,1.0
tennessee06,Tennessee,6,126388.08053720096,280573.7730060655,296575.7656198513,703537.6191631178,0.1796465136967998,0.39880422221034556,0.4215492640928546,1.0
tennessee07,Tennessee,7,152369.23238491625,250624.92498191947,261230.68725450773,664224.8446213435,0.2293940577783985,0.37731940774481854,0.3932865344767828,1.0
tennessee08,Tennessee,8,130147.22529906507,302978.2959231032,332703.1642457933,765828.6854679615,0.16994300131175982,0.39562150344103075,0.43443549524720954,1.0
tennessee09,Tennessee,9,426380.31258615886,285480.2636064279,61726.287110017096,773586.8633026038,0.5511731556115783,0.3690345288280272,0.07979231556039446,1.0
texas01,Texas,1,117308.72283874598,263539.0121429984,357503.22919959127,738350.9641813356,0.1588793521368457,0.3569291907612034,0.4841914571019509,1.0
texas02,Texas,2,54444.94280871602,440538.7529639484,75164.78080652696,570148.4765791914,0.09549256912055229,0.7726737351068924,0.13183369577255524,1.0
texas03,Texas,3,74788.18680152006,406075.51723849255,85388.49250179516,566252.1965418077,0.13207575574675634,0.7171283744565767,0.15079586979666706,1.0
texas04,Texas,4,97479.70722325791,369182.98805355455,159655.8364669398,626318.5317437523,0.15563918722293227,0.5894492488122635,0.25491156396480424,1.0
texas05,Texas,5,104618.72564206496,353115.3513797274,214603.92568722012,672338.0027090125,0.1556043615272836,0.5252051051062713,0.31919053336644515,1.0
texas06,Texas,6,138264.37844852314,311707.17802190647,228546.21988215984,678517.7763525895,0.20377414309138825,0.4593942692224012,0.3368315876862106,1.0
texas07,Texas,7,297280.4360857214,338788.2026086976,5159.6608372017945,641228.2995316208,0.4636109109701913,0.5283425620113184,0.008046527018490327,1.0
texas08,Texas,8,27482.166365354824,378245.3780369649,161093.02964636587,566820.5740486856,0.048484772119429656,0.6673106011929562,0.2842046266876142,1.0
texas09,Texas,9,264745.7235731458,397398.97201160534,16749.02265804606,678893.7182427973,0.38996637685556407,0.5853625705069212,0.0246710526375146,1.0
texas10,Texas,10,103627.69334590976,313915.2668195732,206948.87594775867,624491.8361132416,0.1659392282705815,0.5026731314429059,0.3313876402865126,1.0
texas11,Texas,11,165330.53851088995,363903.66310094914,137915.4208450342,667149.6224568733,0.2478162813043898,0.5454603448036471,0.20672337389196305,1.0
texas12,Texas,12,153200.9624832555,377899.46764826775,80652.38406272094,611752.8141942442,0.2504295181462149,0.6177322913438643,0.1318381905099208,1.0
texas13,Texas,13,168647.89996462362,391247.416759998,175535.31418400997,735430.6309086317,0.22931856911678739,0.531997717142415,0.23868371374079753,1.0
texas14,Texas,14,162986.55985157462,394685.21773645096,131122.89299220845,688794.670580234,0.2366257562856523,0.5730085243022741,0.19036571941207353,1.0
texas15,Texas,15,201488.84717158249,309601.69210336544,173045.6082791807,684136.1475541287,0.29451571575618396,0.4525439756548894,0.2529403085889266,1.0
texas16,Texas,16,233676.74246664703,444951.2045862227,19888.340614304714,698516.2876671745,0.3345329902714998,0.6369947450648865,0.0284722646636137,1.0
texas17,Texas,17,125608.22791782812,314464.6306311732,262064.02484329918,702136.8833923005,0.17889421690962193,0.447867984248129,0.3732377988422491,1.0
texas18,Texas,18,345682.2411103927,300886.2999995759,24004.838353047395,670573.3794630159,0.5155024814543179,0.4487000367365025,0.03579748180917959,1.0
texas19,Texas,19,189298.17368185162,338014.51462774724,205511.8138967771,732824.5022063759,0.25831310649673395,0.4612489260526343,0.2804379674506318,1.0
texas20,Texas,20,256653.19082854016,402799.8830006176,15390.426380744351,674843.5002099021,0.3803151260236058,0.5968789547136951,0.02280591926269919,1.0
texas21,Texas,21,113405.17803490712,367820.06855264574,157699.11158594643,638924.3581734992,0.17749390297014167,0.5756864077058158,0.24681968932404266,1.0
texas22,Texas,22,54022.87825336343,410547.92101566197,93470.53859740801,558041.3378664334,0.09680802225137979,0.7356944605310336,0.16749751721758663,1.0
texas23,Texas,23,157489.13727244714,305052.72546445194,206325.50184260678,668867.3645795059,0.23545645312124805,0.45607356797296905,0.3084699789057829,1.0
texas24,Texas,24,115148.0529437995,577045.4692049203,6457.557003157644,698651.0791518776,0.16481482156097527,0.8259422856763071,0.009242892762717477,1.0
texas25,Texas,25,112658.56340487466,388738.3843612074,180792.40061901978,682189.3483851019,0.16514265969054373,0.5698394225612582,0.2650179177481981,1.0
texas26,Texas,26,65263.04564734011,419584.53445442667,82219.43017135069,567067.0102731175,0.11508877163548512,0.7399205505753922,0.14499067778912267,1.0
texas27,Texas,27,216519.86152500554,315976.52962049056,183961.92816741337,716458.3193129095,0.3022085942593984,0.4410256969638026,0.256765708776799,1.0
texas28,Texas,28,266623.1466645993,288547.24911278783,131481.33188763552,686651.7276650226,0.3882945835893523,0.42022358276735194,0.19148183364329582,1.0
texas29,Texas,29,364289.3456818147,320770.9883017655,36638.790091464296,721699.1240750445,0.5047662294847607,0.4444663677718566,0.050767402743382685,1.0
texas30,Texas,30,321542.1631595032,317811.91115997435,26811.06237925886,666165.1366987363,0.4826763597280775,0.47707676918508607,0.04024687108683651,1.0
texas31,Texas,31,83469.65248495051,340416.60315543774,150680.81700724456,574567.0726476328,0.1452739922953091,0.5924749596018122,0.26225104810287875,1.0
texas32,Texas,32,329470.24765536113,343040.88509410067,5565.224943046494,678076.3576925083,0.48588959623448214,0.5059030317197133,0.008207372045804602,1.0
texas33,Texas,33,387766.12633713946,299281.5780082544,14203.968442722837,701251.6727881167,0.5529628539714059,0.42678198088046826,0.02025516514812588,1.0
texas34,Texas,34,323832.124011393,241286.9892493349,156138.59348548407,721257.706746212,0.44898254948607347,0.33453644514641734,0.21648100536750917,1.0
texas35,Texas,35,233160.1676630743,313446.5971453025,39931.91634518511,586538.6811535619,0.3975188255351066,0.5344005556953864,0.06808061876950708,1.0
texas36,Texas,36,114493.58304480909,397040.82865733036,183025.7059978611,694560.1177000005,0.1648433017201572,0.5716435748889676,0.2635131233908753,1.0
texas37,Texas,37,279716.25188317575,371325.74629557517,3862.292371650032,654904.290550401,0.4271101226838718,0.5669923859920081,0.00589749132412012,1.0
texas38,Texas,38,145166.26325669058,481664.82595109707,16886.852678039264,643717.9418858269,0.22551222175261043,0.7482544676943735,0.026233310553016094,1.0
utah01,Utah,1,176108.13496833164,425990.23012441373,94540.18213542657,696638.547228172,0.25279700020769946,0.6114939114686802,0.13570908832362039,1.0
utah02,Utah,2,143324.96647838978,431539.04044092656,112692.7921631677,687556.7990824841,0.20845545658140677,0.6276412959871787,0.16390324743141446,1.0
utah03,Utah,3,142509.315313473,480981.4209815618,111739.86999547879,735230.6062905136,0.19382941092792716,0.6541912385942082,0.1519793504778645,1.0
utah04,Utah,4,88454.66267188745,434497.90004298365,89742.92159640693,612695.484311278,0.1443696990378802,0.709157993112021,0.14647230785009888,1.0
virginia01,Virginia,1,43637.012882319,459453.40317497327,174267.20593877637,677357.6219960686,0.06442241360439327,0.6783025513480381,0.2572750350475687,1.0
virginia02,Virginia,2,158834.8124744703,449945.91164357396,98754.71666110035,707535.4407791446,0.22449025634611308,0.6359340970228845,0.1395756466310023,1.0
virginia03,Virginia,3,299926.46051492594,428156.60729071125,13465.797931099205,741548.8657367363,0.40445946905595487,0.5773815146562639,0.018159016287781382,1.0
virginia04,Virginia,4,234266.52621181784,355026.22790632624,141026.509593995,730319.2637121391,0.3207727604240709,0.4861246930578878,0.1931025465180413,1.0
virginia05,Virginia,5,99747.09235480735,220796.18998176305,440280.7590543161,760824.0413908865,0.13110402264951634,0.29020664170669286,0.5786893356437908,1.0
virginia06,Virginia,6,113388.32556553259,322314.71665109106,307225.0589525379,742928.1011691615,0.1526235518445069,0.433843754387346,0.4135326937681471,1.0
virginia07,Virginia,7,51782.84764082626,414188.5168827565,195789.1217257192,661760.4862493019,0.07825013538405548,0.6258888608328319,0.29586100378311264,1.0
virginia08,Virginia,8,285455.9711185902,417427.9695753861,9420.413947653193,712304.3546416295,0.4007500013982186,0.5860247334657951,0.01322526513598634,1.0
virginia09,Virginia,9,63991.54319913401,201774.47987007583,545873.6597812481,811639.682850458,0.07884230472122473,0.24860105307006303,0.6725566422087121,1.0
virginia10,Virginia,10,55045.74893516512,475431.77904122625,98801.96186325516,629279.4898396465,0.08747424606066839,0.7555176781025807,0.15700807583675094,1.0
virginia11,Virginia,11,89392.6127181974,627491.5783103346,7496.087750518362,724380.2787790503,0.1234056411210828,0.8662460819170525,0.010348276961864682,1.0
vermont01,Vermont,1,81200.40865220646,153987.42011390722,362286.9625229808,597474.7912890945,0.13590599944310752,0.2577304052973823,0.6063635952595102,1.0
washington01,Washington,1,80422.07232377,489007.6739824507,33468.31483305487,602898.0611392756,0.13339248789720637,0.8110951179016729,0.055512394201120766,1.0
washington02,Washington,2,142158.1793547456,369439.18266739725,176509.46472854455,688106.8267506874,0.20659318266907978,0.5368921921788333,0.25651462515208684,1.0
washington03,Washington,3,101779.81372057936,360092.32684616296,205422.23848462407,667294.3790513664,0.15252610679153444,0.5396303912496229,0.3078435019588428,1.0
washington04,Washington,4,122603.15143324411,338581.64205363934,218415.49889705185,679600.2923839353,0.1804047950055624,0.4982070282311769,0.3213881767632607,1.0
washington05,Washington,5,162818.45207401013,334583.2427837654,203225.05490827726,700626.7497660528,0.23238971696181604,0.47754848483231127,0.2900617982058727,1.0
washington06,Washington,6,117272.47770610456,359969.089476634,220838.39026941193,698079.9574521505,0.1679929017502883,0.5156559583667861,0.31635113988292546,1.0
washington07,Washington,7,356721.6384858175,240402.2961508251,9696.943918304616,606820.8785549472,0.5878532711914864,0.3961668173371145,0.015979911471398992,1.0
washington08,Washington,8,53736.03886320871,440819.40567893925,186242.4616854123,680797.9062275602,0.07893096963380959,0.6475040561179297,0.27356497424826065,1.0
washington09,Washington,9,156657.4564978305,461129.1129604578,14229.779770963418,632016.3492292517,0.24786931016717426,0.7296157979501763,0.022514891882649445,1.0
washington10,Washington,10,126511.70718601054,435798.8155238303,86577.6216730503,648888.1443828911,0.1949668957295041,0.671608534223238,0.13342457004725797,1.0
wisconsin01,Wisconsin,1,177069.3683601473,420874.22956407367,113207.4132652418,711151.0111894627,0.24898982856536078,0.5918211785428308,0.1591889928918085,1.0
wisconsin02,Wisconsin,2,176899.52506189854,338936.4428773762,152642.82454308576,668478.7924823605,0.2646299733832865,0.5070264706809228,0.22834355593579078,1.0
wisconsin03,Wisconsin,3,117353.63424088471,250498.29425025004,343319.0416278481,711170.970118983,0.16501465775698182,0.3522335764188185,0.4827517658241996,1.0
wisconsin04,Wisconsin,4,507213.41539632285,233477.29894174307,7367.028312953737,748057.7426510197,0.6780404592816915,0.3121113326283206,0.009848208089987738,1.0
wisconsin05,Wisconsin,5,84789.26561705691,467478.7576407706,161056.4022177322,713324.4254755597,0.1188649408164168,0.6553522365775033,0.22578282260607996,1.0
wisconsin06,Wisconsin,6,111546.33797741684,368438.8388291897,239304.32488327153,719289.5016898781,0.1550785013758064,0.5122260758200837,0.33269542280410996,1.0
wisconsin07,Wisconsin,7,95560.95382553317,178707.65410214625,442058.73142075987,716327.3393484394,0.13340402994035377,0.2494776400195699,0.6171183300400762,1.0
wisconsin08,Wisconsin,8,139103.4604871128,299606.5333441814,256250.40151405765,694960.3953453519,0.20016027016616836,0.43111310421552246,0.3687266256183091,1.0
westvirginia01,West Virginia,1,126025.06313938569,258464.25739679395,577976.3793515534,962465.699887733,0.13093979676791173,0.2685438633573566,0.6005163398747317,1.0
westvirginia02,West Virginia,2,131502.94337947827,286998.2496915675,472023.77327666205,890524.9663477079,0.1476690136143051,0.3222798467612061,0.5300511396244887,1.0
wyoming01,Wyoming,1,103048.58789633996,246778.32125932636,213775.2142586599,563602.1234143262,0.18283924707747218,0.4378591048669805,0.3793016480555473,1.0
